{"cameraMode":{"drawMode":0,"name":"Shaded","section":"Shading Mode"},"sceneLighting":true,"audioPlay":false,"sceneViewState":{"showFog":true,"showMaterialUpdate":false,"showSkybox":true,"showFlares":true,"showImageEffects":true,"showParticleSystems":true},"in2DMode":false,"pivot":{"x":7.812541961669922,"y":-98.7781982421875,"z":394.480712890625},"rotation":{"x":0.17637884616851808,"y":-0.00824478268623352,"z":0.0014726899098604918,"w":0.9843000173568726},"size":1600.3450927734375,"orthographic":false}