{"cameraMode":{"drawMode":0,"name":"Shaded","section":"Shading Mode"},"sceneLighting":false,"audioPlay":false,"sceneViewState":{"showFog":true,"showMaterialUpdate":false,"showSkybox":true,"showFlares":true,"showImageEffects":true,"showParticleSystems":true},"in2DMode":false,"pivot":{"x":3.4747533798217775,"y":-10.693864822387696,"z":-25.14046287536621},"rotation":{"x":-0.01957523263990879,"y":-0.9777346849441528,"z":0.17974989116191865,"w":-0.10658546537160874},"size":26.092697143554689,"orthographic":false}