{"cameraMode":{"drawMode":0,"name":"Shaded","section":"Shading Mode"},"sceneLighting":false,"audioPlay":false,"sceneViewState":{"showFog":true,"showMaterialUpdate":false,"showSkybox":true,"showFlares":true,"showImageEffects":true,"showParticleSystems":true},"in2DMode":false,"pivot":{"x":-0.050963401794433597,"y":0.7519335746765137,"z":-2.11968994140625},"rotation":{"x":0.06257903575897217,"y":-0.9301301836967468,"z":0.18836182355880738,"w":0.30899447202682497},"size":8.690601348876954,"orthographic":false}