{"cameraMode":{"drawMode":0,"name":"Shaded","section":"Shading Mode"},"sceneLighting":false,"audioPlay":false,"sceneViewState":{"showFog":true,"showMaterialUpdate":false,"showSkybox":true,"showFlares":true,"showImageEffects":true,"showParticleSystems":true},"in2DMode":false,"pivot":{"x":-9.082306861877442,"y":-1.2828845977783204,"z":5.262169361114502},"rotation":{"x":0.06609009951353073,"y":-0.8129014372825623,"z":0.5709517002105713,"w":0.09409044682979584},"size":6.906368732452393,"orthographic":false}