{"cameraMode":{"drawMode":0,"name":"Shaded","section":"Shading Mode"},"sceneLighting":false,"audioPlay":false,"sceneViewState":{"showFog":true,"showMaterialUpdate":false,"showSkybox":true,"showFlares":true,"showImageEffects":true,"showParticleSystems":true},"in2DMode":false,"pivot":{"x":-8.041519165039063,"y":-3.6653289794921877,"z":-9.042312622070313},"rotation":{"x":-0.08346276730298996,"y":-0.8892133831977844,"z":0.18008467555046082,"w":-0.4122142195701599},"size":66.0603256225586,"orthographic":false}