{"cameraMode":{"drawMode":0,"name":"Shaded","section":"Shading Mode"},"sceneLighting":false,"audioPlay":false,"sceneViewState":{"showFog":true,"showMaterialUpdate":false,"showSkybox":true,"showFlares":true,"showImageEffects":true,"showParticleSystems":true},"in2DMode":false,"pivot":{"x":8.668153762817383,"y":0.2892129421234131,"z":8.443203926086426},"rotation":{"x":-0.07631377130746842,"y":-0.3844414949417114,"z":0.031908515840768817,"w":-0.919442892074585},"size":10.0,"orthographic":false}