{"cameraMode":{"drawMode":0,"name":"Shaded","section":"Shading Mode"},"sceneLighting":false,"audioPlay":false,"sceneViewState":{"showFog":true,"showMaterialUpdate":false,"showSkybox":true,"showFlares":true,"showImageEffects":true,"showParticleSystems":true},"in2DMode":false,"pivot":{"x":-37.22315979003906,"y":-22.35980987548828,"z":55.58974838256836},"rotation":{"x":-0.11459709703922272,"y":0.6450686454772949,"z":-0.09868057072162628,"w":-0.7490213513374329},"size":68.86582946777344,"orthographic":false}