{"cameraMode":{"drawMode":0,"name":"Shaded","section":"Shading Mode"},"sceneLighting":false,"audioPlay":false,"sceneViewState":{"showFog":true,"showMaterialUpdate":false,"showSkybox":true,"showFlares":true,"showImageEffects":true,"showParticleSystems":true},"in2DMode":false,"pivot":{"x":5.176661491394043,"y":6.1691389083862309,"z":5.838127136230469},"rotation":{"x":-0.1509004831314087,"y":-0.20309950411319734,"z":0.031700264662504199,"w":-0.9669497013092041},"size":18.00016212463379,"orthographic":false}