{"cameraMode":{"drawMode":0,"name":"Shaded","section":"Shading Mode"},"sceneLighting":true,"audioPlay":false,"sceneViewState":{"showFog":true,"showMaterialUpdate":false,"showSkybox":true,"showFlares":true,"showImageEffects":true,"showParticleSystems":true},"in2DMode":false,"pivot":{"x":53.1005859375,"y":109.1328125,"z":11.953125},"rotation":{"x":0.08987681567668915,"y":-0.006871219724416733,"z":0.0006193090812303126,"w":0.9959331750869751},"size":107.59330749511719,"orthographic":true}