{"cameraMode":{"drawMode":0,"name":"Shaded","section":"Shading Mode"},"sceneLighting":false,"audioPlay":false,"sceneViewState":{"showFog":true,"showMaterialUpdate":false,"showSkybox":true,"showFlares":true,"showImageEffects":true,"showParticleSystems":true},"in2DMode":false,"pivot":{"x":9.857906341552735,"y":3.430723190307617,"z":2.7923660278320314},"rotation":{"x":-0.1869610697031021,"y":-0.26311028003692629,"z":0.05205627530813217,"w":-0.9450533390045166},"size":18.00016212463379,"orthographic":false}