{"cameraMode":{"drawMode":0,"name":"Shaded","section":"Shading Mode"},"sceneLighting":false,"audioPlay":false,"sceneViewState":{"showFog":true,"showMaterialUpdate":false,"showSkybox":false,"showFlares":true,"showImageEffects":true,"showParticleSystems":true},"in2DMode":false,"pivot":{"x":2.5,"y":21.520000457763673,"z":-19.09000015258789},"rotation":{"x":0.03754178062081337,"y":0.9624618887901306,"z":-0.18890590965747834,"w":0.19126717746257783},"size":1.3622219562530518,"orthographic":false}