{"cameraMode":{"drawMode":0,"name":"Shaded","section":"Shading Mode"},"sceneLighting":false,"audioPlay":false,"sceneViewState":{"showFog":true,"showMaterialUpdate":false,"showSkybox":true,"showFlares":true,"showImageEffects":true,"showParticleSystems":true},"in2DMode":false,"pivot":{"x":7.277856826782227,"y":6.335843086242676,"z":4.258240222930908},"rotation":{"x":0.03754178062081337,"y":0.9624618887901306,"z":-0.18890590965747834,"w":0.19126717746257783},"size":44.071533203125,"orthographic":false}