{"cameraMode":{"drawMode":0,"name":"Shaded","section":"Shading Mode"},"sceneLighting":true,"audioPlay":false,"sceneViewState":{"showFog":true,"showMaterialUpdate":false,"showSkybox":true,"showFlares":true,"showImageEffects":true,"showParticleSystems":true},"in2DMode":false,"pivot":{"x":-42.74380111694336,"y":96.51964569091797,"z":-13.262211799621582},"rotation":{"x":-0.09284674376249314,"y":-0.2892535924911499,"z":-0.0282091423869133,"w":0.9523374438285828},"size":1.7660253047943116,"orthographic":false}