{"cameraMode":{"drawMode":0,"name":"Shaded","section":"Shading Mode"},"sceneLighting":true,"audioPlay":false,"sceneViewState":{"showFog":true,"showMaterialUpdate":false,"showSkybox":true,"showFlares":true,"showImageEffects":true,"showParticleSystems":true},"in2DMode":false,"pivot":{"x":-25.492347717285158,"y":48.87791442871094,"z":-55.05221176147461},"rotation":{"x":0.4510529935359955,"y":-0.03424261882901192,"z":0.017306724563241006,"w":0.8916856646537781},"size":0.8660253882408142,"orthographic":false}