{"cameraMode":{"drawMode":0,"name":"Shaded","section":"Shading Mode"},"sceneLighting":false,"audioPlay":false,"sceneViewState":{"showFog":true,"showMaterialUpdate":false,"showSkybox":true,"showFlares":true,"showImageEffects":true,"showParticleSystems":true},"in2DMode":false,"pivot":{"x":73.16556549072266,"y":-25.109779357910158,"z":-31.323654174804689},"rotation":{"x":-0.08423792570829392,"y":-0.8307009339332581,"z":0.13091570138931275,"w":-0.5345232486724854},"size":44.071533203125,"orthographic":false}